,SMILES,hit
0,CC1=NN=C(NC(=O)C2=CC(Cl)=C(Cl)C=C2)S1,0.5805162280797959
1,CC(=O)C1=CC=C(NS(=O)(=O)C2=CC=CC(=C2)S(=O)(=O)C2=CC(Cl)=C(Cl)C=C2)C=C1,0.5099747815728187
2,CC1=NN(C2=CC=C(NC(C3=CC=C(Cl)C(Cl)=C3)=O)C=C2)C(OC(C4=CC=C(Cl)C(Cl)=C4)=O)=C1,0.5937710893154144
3,O=C(C1=C(Cl)C=CC=C1)NC(C(NC(C2=C(Cl)C=CC=C2)=O)=C3)=CC(F)=C3Cl,0.5087220023572445
4,ClC1=C(Cl)C=C(C=C1)C(=O)NC1CCC(CC2CCC(CC2)NC(=O)C2=CC(Cl)=C(Cl)C=C2)CC1,0.6137473443150521
5,CC1(C)CC(CC(C)(CNC(=O)C2=CC(Cl)=C(Cl)C=C2)C1)NC(=O)C1=CC(Cl)=C(Cl)C=C1,0.5435917362570762
6,ClC1=CC=C(Cl)C(NC(=O)C2=CC(Cl)=C(Cl)C=C2)=C1,0.5572718864679337
7,FC(F)(F)C1=CC=C(Cl)C(NC(=O)C2=CC(Cl)=C(Cl)C=C2)=C1,0.6059143525362015
8,CC(CNC(=O)C1=CC(Cl)=C(Cl)C=C1)NC(=O)C1=CC(Cl)=C(Cl)C=C1,0.54140216127038
9,OC1=CC(F)=C(C=C1Cl)C1=CC=C(C=C1)N1CCOCC1,0.570141173005104
10,ClC1=C(Cl)C=C(C=C1)C(=O)NC1=C(NC(=O)C2=CC(Cl)=C(Cl)C=C2)C=CC=C1,0.684106571674347
11,ClC1=C(Cl)C=C(C=C1)C(=O)NC1=C(Br)C=C(Br)C=C1,0.5249081888794899
12,COC1=CC(=CC=C1NC(=O)C1=CC(Cl)=C(Cl)C=C1)C1=CC(OC)=C(NC(=O)C2=CC(Cl)=C(Cl)C=C2)C=C1,0.6246965819597244
13,OC(=O)C1=C(NC(=O)C2=CC(Cl)=C(Cl)C=C2)C=CC(Br)=C1,0.5167506113648415
14,O=C(C1=CC=C(Cl)C(Cl)=C1)NC(C=C2)=CC(Cl)=C2Cl,0.7019818139076233
15,O=C(NCC1=CC=C(Cl)C(Cl)=C1)C2=CC=CN=C2SC3=CC=CC(C(F)(F)F)=C3,0.5706801253557205
16,O=C(NCC1=CC=C(Cl)C(Cl)=C1)C2=CC=CN=C2SC3=CC=CC(Cl)=C3,0.6045532840490341
17,FC(F)(F)C1=CC(NC(=O)C2=CC(Cl)=C(Cl)C=C2)=CC=C1,0.5114451175928116
18,ClC1=C(Cl)C=C(CNC(=O)CCC2CCCCC2)C=C1,0.5125757279992104
19,CC1=CC=CC(N2CCN(CC2)C(=O)NC2=CC=C(Cl)C(Cl)=C2)=C1C,0.6068212562799453
20,ClC1=CC=C(CNC(=O)C2=CC(=NC3=CC=CC=C23)C2=CC(Cl)=C(Cl)C=C2)C=C1Cl,0.6513575267791748
21,CCOC1=C(C=CC=C1)N1CCN(CC1)C(=O)NC1=CC=C(Cl)C(Cl)=C1,0.5092940530180932
22,ClC1=CC(Cl)=C(C=C1)C1=CSC(NC(=O)C2=CC(Cl)=C(Cl)C=C2)=N1,0.7309340906143188
23,ClC1=C(SC2=CC=CC=C12)C(=O)NCC1=CC=C(Cl)C(Cl)=C1,0.549281261563301
24,O=C(NC1=CC=C(Cl)C(Cl)=C1)N2CCN(CC2)C3=C(C=CN4)C4=CC=C3.Cl,0.6824311089515686
25,ClC1=CC(NC(=O)C2=CC(Cl)=C(Cl)C=C2)=CC(Cl)=C1,0.6120857882499695
26,ClC1=C(Cl)C=C(C=C1)S(=O)(=O)C1=CC(=CC=C1)S(=O)(=O)NCC1=CC=CC=C1,0.5222095677256584
27,ClC1=C(Cl)C=C(C=C1)S(=O)(=O)C1=CC(=CC=C1)S(=O)(=O)NC1=CC=C(Br)C=C1,0.6187342834472657
28,ClC1=CC=C(OCC2=NN=C(NC(=O)C3=CC(Cl)=C(Cl)C=C3)S2)C=C1,0.5729869633913041
29,Cl.Cl.CN(C)[C@H]1CN(C[C@@H]1C1CC1)C1=NC=C(C=C1Cl)C(O)=O,0.7877792501449585
30,O=C(NC(NC(C=C1)=CC(Cl)=C1F)=O)C2=CC=CC=C2OC(C=C3)=C(Cl)C=C3Cl,0.5270452889800071
31,FC1=CC=C(NC2=NN=C(S2)C23CC4CC(CC(C4)C2)C3)C=C1Cl,0.6503169691562652
32,ClC1=C(Cl)C=C(C=C1)C(=O)NC1=NN=CS1,0.6241568005084992
33,O=C(NCC(C=C1)=CC=C1C(F)(F)F)C(C=C2)=CC(Cl)=C2Cl,0.5911855828762055
34,ClC1=CC(CNC(C2=CC=C(Cl)C(Cl)=C2)=O)=CC(Cl)=C1,0.6050253742933274
35,FC1=CC=C(NC(=O)NC2=CC=C(Cl)C(Cl)=C2)C=C1Cl,0.5089774265885353
36,FC(F)(F)C1CC(NC2=CC(=NN12)C(=O)NC1=CC=C(Cl)C(Cl)=C1)C1=CC(Cl)=C(Cl)C=C1,0.6656745582818985
37,CN1N=C(C=C1C(=O)NC1=NC=C(Cl)C=C1Cl)C(=O)NC1=NC=C(Cl)C=C1Cl,0.6065203076601029
38,ClC1=CC=C(CNC2CCN(CCC3=CC=CC=C3)CC2)C=C1Cl,0.7176020807027816
39,FC1=CC=C(NCC2=COC3=C(Cl)C=C(Cl)C=C3C2=O)C=C1Cl,0.6859194487333298
40,FC1=C(F)C=C(C=C1)C1=CSC(NC(=O)C2=CC(Cl)=C(Cl)C=C2)=N1,0.5764802849292755
41,COC1=CC(Cl)=C(OC)C=C1NC(=O)C1=CC(Cl)=C(Cl)C=C1,0.5072369334101677
42,CCOC(=O)C1=C(C)N=C2S\C(=C/C3=C(O)C(Cl)=CC(Cl)=C3)C(=O)N2C1C1=C(Cl)C=CC=C1,0.5092209565639496
43,COC1=CC(OC)=C(Cl)C=C1NC(=O)C1=CC(Cl)=C(Cl)C=C1,0.5131969863176346
44,CC1=CC=C(C=C1)S(=O)(=O)NC(=O)NCC1=CC=C(Cl)C(Cl)=C1,0.6197403877973556
45,ClC1=CN=C(NC(=O)C2=CC(Cl)=C(Cl)C=C2)C=C1,0.5657694679498673
46,CC1=CSC(NC(=O)C2=CC(Cl)=C(Cl)C=C2)=N1,0.5015138202905655
47,CC(=O)C1=CC(F)=C(C=C1)N1CCN(CC1)C(=O)C1=CC(Cl)=C(Cl)C=C1,0.5268782451748848
48,CS(=O)(=O)C1=CC=C2N=C(NC(=O)C3=CC(Cl)=C(Cl)C=C3)SC2=C1,0.5604735764861107
49,FC(F)(F)C1=NN=C(NC(=O)C2=CC(Cl)=C(Cl)C=C2)S1,0.5210867585241794
50,ClC1=CC(NC(=O)C2=C(Cl)C(Cl)=CC=C2)=CC(Cl)=C1,0.5548610329627991
51,O=S(C1=C(NC(C2=CC=C(Cl)C(Cl)=C2)=O)NN=C1SC)(C(C=C3)=CC=C3Cl)=O,0.6636801552772522
52,ClC1=CC(C2=NC3=CC(NC(=O)C4=CC(Cl)=C(Cl)C=C4)=CC=C3O2)=C(Cl)C=C1,0.5537025356292724
53,ClC1=CC(Cl)=C(C=C1)C(=O)NC1=CC(NC(=O)C2=CC(Cl)=C(Cl)C=C2)=CC=C1,0.5765368697047234
54,ClC1=CC=C(CNC(=O)NC2=CC=C(Cl)C(Cl)=C2)C=C1Cl,0.7757357794046402
55,ClC1=CC(C(=O)NCC2=CC=C(Cl)C(Cl)=C2)=C(Cl)C=C1,0.6409316807985306
56,CC(OC1=C(C)C=C(Cl)C=C1)C(=O)NCC1=CC=C(Cl)C(Cl)=C1,0.5623580062389374
57,FC(F)(F)C1=CC(=NC2=CC(=NN12)C(=O)NC1=CC=C(Cl)C(Cl)=C1)C1=CC(Cl)=C(Cl)C=C1,0.6846137458086013
58,CCCCC1=CC=C2N=C(NC(=O)C3=CC(Cl)=C(Cl)C=C3)SC2=C1,0.5036087858676911
59,ClC1=CC=C(CNC(=O)C23CC4CC(CC(C4)C2)C3)C=C1Cl,0.6150099045038223
60,ClC1=CC(Cl)=C(C=C1)C(=O)NCC1=CC=C(Cl)C(Cl)=C1,0.6601440060138702
61,ClC1=CC=C2SC(NC(=O)C3=CC=C(Br)O3)=NC2=C1Cl,0.6196149384975433
62,ClC1=CC=C(CNC(=O)C2=CC=C(Br)O2)C=C1Cl,0.5347636267542839
63,CN(C)C1=CC=C(NC(=O)C2=CC(Cl)=C(Cl)C=C2)C2=CC=CC=C12,0.5531784278154374
64,ClC1=CC=C(NC(=O)NCC2=CC=C(Cl)C(Cl)=C2)C=C1,0.5724798989295959
65,ClC1=CC=C2C(N(CC3)CCC3N4C=CC=C4)=CC=NC2=C1,0.5200905099511146
66,ClC1=CC=CC(NC(=O)NCC2=CC=C(Cl)C(Cl)=C2)=C1,0.6153998363018036
67,ClC1=CC=C(CNC(=O)C2=CC=CO2)C=C1Cl,0.5400703212618828
68,FC(F)(F)C1=C(Cl)C=CC(NC(=O)C2=CC(Cl)=C(Cl)C=C2)=C1,0.6004117774963379
69,ClC1=CC=C(CNC(=O)C2=C(Cl)C=CC=C2)C=C1Cl,0.517064846754074
70,CC(OC1=C(Cl)C=C(Cl)C=C1)C(=O)NCC1=CC=C(Cl)C(Cl)=C1,0.7173661035299301
71,CC1=CC(NS(=O)(=O)C2=CC=C(NC(=O)C3=CC(Cl)=C(Cl)C=C3)C=C2)=NO1,0.6266223311424255
72,ClC1=CC=C(NC(=O)C2=C(Cl)C(Cl)=CC=C2)C=C1Cl,0.6467530113458634
73,FC(F)(F)C1=CC=C(Cl)C(NC(=O)C2=C(Cl)C(Cl)=CC=C2)=C1,0.5664941591024398
74,ClC1=C(Cl)C=C(C=C1)C(=O)NC1=CC=C(NC2=CC=CC=C2)C=C1,0.5055852881073952
75,FC(F)(F)C1=CC(=CC=C1)N1CCN(CC1)C(=O)NC1=CC=C(Cl)C(Cl)=C1,0.6562338948249817
76,CC1=C(Cl)C=C2N=C(NC(=O)C3=C(Cl)C=C(Cl)C=C3)SC2=C1,0.520190643966198
77,OC1=C(Cl)C=C(Cl)C(\C=C2/SC3=NC4=CC=CC=C4N3C2=O)=C1Cl,0.6173505222797394
78,OC1=C(\C=C2\SC3=NC4=C(CCC5=CC=CC=C45)C(N3C2=O)C2=C(Cl)C=C(Cl)C=C2)C=C(Cl)C=C1Cl,0.6295176875591278
79,O=S(NC1=CC(C(F)(F)F)=CC(C(F)(F)F)=C1)(C(C=C2)=CC=C2NC(C3=CC=C(Cl)C(Cl)=C3)=O)=O,0.5676283067464829
80,FC1=CC(F)=C(C=C1)C1=CSC(NC(=O)C2=CC(Cl)=C(Cl)C=C2)=N1,0.5159047323465348
81,OC1=C2N=C(\C=C\C3=C(O)C(Cl)=CC(Cl)=C3)C=CC2=CC=C1,0.6316878759860992
82,ClC1=CC(Cl)=C(CN2C=C(Cl)C=C(C(=O)NC3=CC(Cl)=CC(Cl)=C3)C2=O)C=C1,0.6186742585897446
83,O=C(NCC1=CC=C(Cl)C(Cl)=C1)C2=C(C(F)(F)F)C=C(N=C2)OC,0.5408713656663895
84,ClC1=CC=C(NS(=O)(=O)C2=CC=CC(=C2)S(=O)(=O)C2=CC(Cl)=C(Cl)C=C2)C=C1,0.6714383882284164
85,FC1=CC=C(CN2C=C(C=CC2=O)C(=O)NC2=CC(Cl)=CC(Cl)=C2)C=C1F,0.5333987316489219
86,FC1=CC=C(NC(=O)C2=CC=CC(=N2)C(=O)NC2=CC=C(F)C(Cl)=C2)C=C1Cl,0.5506812828779221
87,CC1=C(SN=N1)S(=O)C1=CC(Cl)=C(Cl)C=C1,0.501649735569954
88,O=C(NCC1=CC=C(Cl)C(Cl)=C1)C2=C(C(F)(F)F)C=CN=C2OC,0.5233053585886955
89,O=C(NCC1=CC=C(Cl)C(Cl)=C1)C2=C(C(F)(F)F)C=CN=C2OC3=CC=C(Cl)C=C3,0.5436809879541397
90,O=C(NCC1=CC=C(Cl)C(Cl)=C1)C2=C(C(F)(F)F)C=CN=C2SCC,0.5620864629745483
91,ClC1=C(Cl)C=C(C=C1)C(=O)NCC1=CC(CNC(=O)C2=CC(Cl)=C(Cl)C=C2)=CC=C1,0.707353367805481
92,OC(=O)C1=C(C=C(Cl)C(Cl)=C1)C(=O)NC1=C(Cl)C=C(Cl)C=C1,0.5460073781013489
93,ClC1=CC=C(CNC(=O)CCC(=O)NCC2=CC(Cl)=C(Cl)C=C2)C=C1Cl,0.6950897246599197
94,CC1=CC(NC(=O)C2=CC(Cl)=C(Cl)C=C2)=C(NC(=O)C2=CC(Cl)=C(Cl)C=C2)C=C1,0.6340550231933594
95,ClC1=CC=C(CC2=NN=C(NC(=O)C3=CC(Cl)=C(Cl)C=C3)S2)C=C1,0.658843794465065
96,Cl.FC1=C(Cl)C=C(NC2=C(C=NC3=CN=C(NCC4=CN=CC=C4)C=C23)C#N)C=C1,0.509739771783352
97,FC(F)(F)C1=CC(=NC2=CC(=NN12)C(=O)NC1=CC=C(Cl)C(Cl)=C1)C1=CC=C(Cl)S1,0.5106267154216766
98,CCC1=NN=C(NS(=O)(=O)C2=CC=C(NC(=O)C3=CC(Cl)=C(Cl)C=C3)C=C2)S1,0.6420834028720855
99,COC1=CC(NS(=O)(=O)C2=CC=C(NC(=O)C3=CC(Cl)=C(Cl)C=C3)C=C2)=NC(OC)=N1,0.6351908081769944
100,COC1=CC(NS(=O)(=O)C2=CC=C(NC(=O)C3=CC(Cl)=C(Cl)C=C3)C=C2)=NC=N1,0.5947083097696304
101,ClC1=CC=CC(NC(=O)C2=CC(Cl)=C(Cl)C=C2)=C1N1CCCCC1,0.6340736877918244
102,NC(=O)C1=C(NC(=O)C2=C(Cl)C(Cl)=CC=C2)SC=C1C1=C(Cl)C=C(Cl)C=C1,0.5968489554524422
103,FC1=CC=C(NC(=O)C2=C(Cl)C(Cl)=CC=C2)C=C1Cl,0.5340095975995064
104,CC1CN=C(S1)N(C(=O)NC1=CC=C(Cl)C(Cl)=C1)C1=CC(Cl)=C(F)C=C1,0.5930465143918991
105,FC1=CC=C(NC(=O)C2=CC=C(O2)C2=C(Cl)C(Cl)=CC=C2)C=C1Cl,0.6040002125501632
106,NC(=O)C(CCC(=O)C1=CC=CS1)S(=O)(=O)C1=CC(Cl)=C(Cl)C=C1,0.538471763432026
107,CC(OC1=C(Cl)C=CC=C1)C(=O)NCC1=CC=C(Cl)C(Cl)=C1,0.6193759298324585
108,ClC1=CC=CC(C(=O)NC2=CC=C3OC(=NC3=C2)C2=C(Cl)C(Cl)=CC=C2)=C1Cl,0.5574998393654823
109,OC(CS(=O)(=O)C1=CC(Cl)=C(Cl)C=C1)(C1=CC=C(Cl)C=C1)C1=CC=C(Cl)C=C1,0.5036654198169708
110,C\C(NCC1=CC=CC=C1)=C/C1=NSC(NC2=CC=C(F)C(Cl)=C2)=N1,0.515960254073143
111,OC(CS(=O)C1=CC(Cl)=C(Cl)C=C1)(C1=CC=C(Cl)C=C1)C1=CC=C(Cl)C=C1,0.5786766797304154
112,ClC1=C(Cl)C=C(C=C1)C(=O)NC1=NN=C(CC2=CC=CC=C2)S1,0.55023790538311
113,CCOCC1=NN=C(NC(=O)C2=CC(Cl)=C(Cl)C=C2)S1,0.526666434109211
114,ClC1=C(SC2=CC=CC(Cl)=C12)C(=O)NCC1=CC=C(Cl)C(Cl)=C1,0.5817374122142792
115,ClC1=CN=CC(Cl)=C1N(CC2)CCN2C(C3=CC=C(Cl)C=C3)=O,0.5479115984588862
116,ClC1=C(Cl)C=C(C=C1)C(=O)NC1=NN=C(S1)C1=CC=NC=C1,0.6014602589607239
117,ClC1=CN=CC(Cl)=C1N(CC2)CCN2C(C3=CC(C(F)(F)F)=CC=C3)=O,0.6359646819531918
118,ClC1=C(C(Cl)=CN=C1)N(CC2)CCN2C(NC3=CC=CC=C3)=O,0.5296088543534279
119,ClC1=C(C(Cl)=CN=C1)N(CC2)CCN2C(NC3=CC=C(Cl)C=C3)=O,0.6632276582717895
120,FC(F)(F)C1=CC(NC(=O)C2=CC(Cl)=C(Cl)C=C2)=C(C=C1)N1CCOCC1,0.6409758448600769
121,ClC1=C(C(Cl)=CN=C1)N(CC2)CCN2C(NC3=CC=CC(C(F)(F)F)=C3)=O,0.7379792433977127
122,CC1=C(Cl)C=CC(NC(=O)C2=CC=C(O2)C2=CC(Cl)=C(Cl)C=C2)=N1,0.5579164886474609
123,ClC1=CC=C2N=C(NC(=O)C3=C(Cl)C(Cl)=CC=C3)SC2=C1,0.5260746896266937
124,O=C(NC1=CC=C(F)C(Cl)=C1)C2=NSC(Cl)=C2Cl,0.5851235947012902
125,O=S(C(C=C1)=CC(Cl)=C1Cl)(C(C=C2)=CC(Cl)=C2Cl)=O,0.7733694469928741
126,ClC1=CC=C(SCC2=CC=C(NC(=O)C3=CC(Cl)=C(Cl)C=C3)C=C2)C=C1,0.5401865673065186
127,CCS(=O)(=O)C1=C(Cl)C(Cl)=C(C=C1)C(=O)NC1=CC=C(C=C1)C(F)(F)F,0.5201245668530464
128,CCS(=O)(=O)C1=C(Cl)C(Cl)=C(C=C1)C(=O)NCC1=CC=C(Cl)C=C1,0.5156593978404999
129,COC1=CC=C(Cl)C=C1NC(=O)N1CCN(CC1)C1=CC(Cl)=C(Cl)C=C1,0.5926994532346725
130,FC(F)(F)C1=C(NC(=O)N2CCN(CC2)C2=CC(Cl)=C(Cl)C=C2)C=CC=C1,0.5877173089981079
131,ClC1=C(Cl)C=C(C=C1)N1CCN(CC1)C(=O)NC12CC3CC(CC(C3)C1)C2,0.6110323607921601
132,Clc1ccc(N2CCC(NC3COc4ccccc4C3)CC2)cc1,0.5347295095026493
133,Cc1cc(N2CCN(CCC(=O)O)CC2)c2ccc(C(F)(F)F)cc2n1,0.5696289074420929
134,FC(F)(F)C1=CC(Cl)=C(NC2=NC(NC(=O)C3=CC(Cl)=C(Cl)C=C3)=CC=C2)N=C1,0.665015811920166
135,CCCCC1=CC=C(NC(=O)N2CCN(CC2)C2=CC(Cl)=C(Cl)C=C2)C=C1,0.5497344481945038
136,CCC1=CC=C(NC(=O)N2CCN(CC2)C2=CC(Cl)=C(Cl)C=C2)C=C1,0.5214729711413384
137,CC1=CC=C(NC(=O)N2CCN(CC2)C2=CC(Cl)=C(Cl)C=C2)C=C1Cl,0.6838510209321975
138,Cc1cc(O)c(Cl)cc1-c1ccc(N2CCOCC2)cc1,0.5498142552375793
139,ClC1=C(Cl)C=C(C=C1)C(=O)NC1=C(C=CC=C1)C(=O)NC1=C(Cl)C=CC=C1,0.5138972967863082
140,FC1=CC=C(NC2=NC3=CC=CC=C3N=C2NC2=CC=C(F)C(Cl)=C2)C=C1Cl,0.6291768676042557
141,CC1=NOC(NC(=O)C2=C(N)N=C(NC3=CC=C(F)C(Cl)=C3)S2)=C1,0.6172361248731613
142,CCS(=O)(=O)C1=C(Cl)C(Cl)=C(C=C1)C(=O)NC1=CC=C(Cl)C(Cl)=C1,0.6652251982688904
143,ClC1=C(Cl)C=C(C=C1)C(=O)NC1=NN=C(CSCC2=CC(Br)=CC=C2)S1,0.5223071882128716
144,O=C1N[C@H](c2ccc(O)cc2)C(=O)N[C@H]1c1ccccc1,0.503449187297374
145,ClC1=CC=C(CN2N=C(C3=CC=CC=C3)C(=CC2=O)N2CCCCC2)C=C1Cl,0.5536551660299301
146,Oc1cc(F)c(-c2ccc(N3CCOCC3)cc2)cc1Cl,0.5701411759853363
147,CN(C)[C@H]1C[C@H]2C[C@@H](N(C)Cc3c(Cl)ccc(O)c3Cl)C[C@H]2C1,0.5244891310572257
148,COC1=C(Cl)C=C2N=C(NC(=O)C3=CC(Cl)=C(OC)C(Cl)=C3)SC2=C1,0.5031646725535392
149,CN1C(CNC(=O)C2=CC(Cl)=C(Cl)C=C2)=NN=C1SCC1=CC=C(Cl)C(Cl)=C1,0.6690141481161117
150,FC1=CC=C(NC2=NN3C(S2)=NC2=CC=CC=C2C3=O)C=C1Cl,0.5146820288896561
151,ClC1=C(SC2=CC=CC=C12)C(=O)NC1=NC2=C(Cl)C(Cl)=CC=C2S1,0.5422377634048462
152,FC1=C(C=CC=C1)C(=O)NC1=NC2=C(Cl)C(Cl)=CC=C2S1,0.5702608692646026
153,O=C(Nc1cccc(Cl)c1F)N1C[C@H](O)[C@@H](N2CCOCC2)C1,0.5007014323771
154,OC1(c2cccc(C(F)(F)F)c2)CCN(c2ccncc2F)CC1,0.568053582906723
155,Clc1ccc(N2CCC(N[C@H]3COC[C@H]3Cc3ccncc3)CC2)cc1,0.5412856760621071
156,CC(O)(CS(=O)(=O)C1=CC(Cl)=C(Cl)C=C1)C(=O)NC1=CC=C(Cl)C=C1,0.5461476039886475
157,CC(O)(CS(=O)(=O)C1=CC(Cl)=C(Cl)C=C1)C(=O)NC1=CC=CC(=C1)C(F)(F)F,0.5586159005761147
158,CCN(C(=O)NCc1ccc(Cl)c(Cl)c1)[C@H]1COC[C@@H]1O,0.5513609951734543
159,ClC1=CC=C(C=C1)S(=O)(=O)CCNC(=O)C1=CC(Cl)=C(Cl)C=C1,0.5001251763105392
160,CN1C(CCNC(=O)C2=CC(Cl)=C(Cl)C=C2)=NN=C1SCC1=CC=C(Cl)C(Cl)=C1,0.6613398104906082
161,ClC1=CC=C(NC(=O)N2CCN(CC2)C2=NSC3=CC=CC=C23)C=C1Cl,0.5277896672487259
162,Cc1cc(N2C[C@H](O)[C@@H](N(C)C)C2)c2ccc(C(F)(F)F)cc2n1,0.7299510425329209
163,CCOC(=O)C1=C(N2CCN(CC2)C2=CC=C(Cl)C=C2)C2=CC(=CC=C2N=C1)C(F)(F)F,0.5171751563251018
164,ClC1=CC=C(CNC(=O)NC2=C(Br)C=CC=C2)C=C1Cl,0.5971736454963684
165,CSc1nnc(CC2CCN(c3ccncc3F)CC2)n1C,0.5122263778746128
166,O=C1N[C@H](c2ccc(O)cc2)C(=O)N[C@H]1C1CCCCC1,0.5169022123888135
167,ClC1=CC=C(C=C1)C1=CC(=NN1C1=CC(Cl)=CC=C1Cl)C(=O)NC1=CC=C(Cl)C(Cl)=C1,0.609358538389206
168,ClC1=CC(Cl)=C(COC2=CC=CC(=C2)C2=NN(C=C2)C(=O)C2=CC(Cl)=C(Cl)C=C2)C=C1,0.6142725616693496
169,CSC1(CO)N(C)C(=O)C(CC2=CC=CC=C2)(SC)N(C)C1=O,0.5404871497675776
170,Clc1ccc(N2CCN(C[C@@H]3[C@H]4CNC[C@H]43)CC2)cc1Cl,0.5510600369796157
171,CC(C)OC1=C(Cl)C=C(Cl)C(NC(=O)C2=CC(Cl)=C(Cl)C=C2)=C1,0.5984288072586059
172,Fc1cnccc1N1CCOC(c2ccc(Cl)c(Cl)c2)C1,0.7589839613437652
173,CSC1=NSC(NC(=O)C2=CC(Cl)=C(Cl)C=C2)=N1,0.7196444869041443
174,ClC1=CC=C(C=C1)N1C=CC(=O)C(=N1)C1=NN(C=C1)C(=O)C1=CC(Cl)=C(Cl)C=C1,0.5925243145227432
175,CC1=CC=C2NC=C(C(N3CCN(CC3)C3=CC(Cl)=C(Cl)C=C3)C(O)=O)C2=C1,0.7002420973777771
176,FC1=CC=C(NC(=O)N2CCN(CC2)C2=CC(Cl)=C(Cl)C=C2)C=C1,0.5234934452176094
177,FC(F)(F)C1=CC=C(CN2C=CC=C(C(=O)NC3=CC(Cl)=CC(Cl)=C3)C2=O)C=C1,0.5625948137044907
178,O=C(Nc1cccc(C(F)(F)F)c1)c1ccc(Cl)c(Cl)c1,0.5114451199769974
179,ClC1=CC=CC(Cl)=C1CN1C=CC=C(NC(=O)C2=CC(Cl)=C(Cl)C=C2)C1=O,0.5299092322587967
180,O=C(O)c1cccc(NS(=O)(=O)c2cccc(S(=O)(=O)c3ccc(Cl)c(Cl)c3)c2)c1,0.5540057808160782
181,ClC1=CC=C(CN2C=C(NC(=O)C3=CC(Cl)=C(Cl)C=C3)C=CC2=O)C=C1Cl,0.7222034859657288
182,O=C(Nc1cc(Cl)ccc1Cl)c1ccc(Cl)c(Cl)c1,0.557271882891655
183,O=C(Nc1ccc(Cl)c(Cl)c1)c1ccc(Cl)c(Cl)c1,0.7019818127155304
184,O=C(Nc1cc(C(F)(F)F)ccc1Cl)c1ccc(Cl)c(Cl)c1,0.6059143477678299
185,ClC1=CC=C(CN2C=CC=C(NC(=O)C3=CC(Cl)=C(Cl)C=C3)C2=O)C=C1Cl,0.7286781734228134
186,CC1=C(C=CC=C1)C1=NN=C(NC(=O)C2=CC(Cl)=C(Cl)C=C2)S1,0.5064686244726181
187,ClC1=CC(Cl)=C(C=C1)C1=NN=C(NC(=O)C2=CC(Cl)=C(Cl)C=C2)S1,0.7496208876371384
188,COC1=NN(C(=N1)C1=CC(Cl)=C(Cl)C=C1)C1=CC=C(NC(=O)C2=CC(Cl)=C(Cl)C=C2)C=C1,0.6115465176105499
189,ClC1=CC=C(OC2=CC=C(NC(=O)C3=CC(Cl)=C(Cl)C=C3)C=C2)C=C1,0.5537354916334152
190,ClC1=CC(NC(=O)C2=CN(CC3=CC=CC=C3)C(=O)C(Cl)=C2)=CC(Cl)=C1,0.5747542268037796
191,ClC1=CC=C(CN2C=C(C=C(Cl)C2=O)C(=O)NC2=CC(Cl)=CC(Cl)=C2)C=C1,0.6603565031290054
192,FC(F)(F)C1=CC(NC(=O)C2=C(Cl)C(Cl)=CC=C2)=C(C=C1)N1CCCC1,0.5130131760239601
193,FC(F)(F)C1=CC(NC(=O)C2=C(Cl)C(Cl)=CC=C2)=C(C=C1)N1CCCCC1,0.5061623230576515
194,FC(F)(F)C1=CC(NC(=O)C2=CC(Cl)=C(Cl)C=C2)=C(C=C1)N1CCCCC1,0.5693589049577713
195,ClC1=CC(CN(CC(=O)N(CCC2=CNC3=CC=CC=C23)CC2=CC=C(Cl)C(Cl)=C2)C2CC2)=CC=C1,0.539012188911438
196,CC(C)CN(CC(=O)N(CCC1=CNC2=CC=CC=C12)CC1=CC=C(Cl)C(Cl)=C1)CC1=CC=C(Cl)C(Cl)=C1,0.5633697363734246
197,CC(C)N(CC(=O)N(CCC1=CNC2=CC=CC=C12)CC1=CC=C(Cl)C(Cl)=C1)CC1=CC=C(Cl)C(Cl)=C1,0.6184400343894958
198,ClC1=CC=C(CN(CC(=O)N(CCC2=CNC3=CC=CC=C23)CC2=CC=C(Cl)C(Cl)=C2)C2CC2)C=C1Cl,0.7250423586368561
199,CCCCN(CC(=O)N(CCC1=CNC2=CC=CC=C12)CC1=CC=C(Cl)C(Cl)=C1)CC1=CC=C(Cl)C=C1Cl,0.5466815602779388
200,CCCCN(CC(=O)N(CCC1=CNC2=CC=CC=C12)CC1=CC=C(Cl)C(Cl)=C1)CC1=CC=C(Cl)C(Cl)=C1,0.6617140817642212
201,CC(C)OC1=C(Cl)C=C(Cl)C(=C1)N1N=C(N=C1C)C(=O)NC1=CC=C(Cl)C(Cl)=C1,0.6099434113502502
202,ClC1=CC=CC(CN2C=C(C=C(Cl)C2=O)C(=O)NC2=CC(Cl)=CC(Cl)=C2)=C1,0.6262695130705833
203,FC(F)(F)C1=CC=C(C=C1)N1C(SCC1=O)C1=CC(NC(=O)C2=CC(Cl)=C(Cl)C=C2)=CC=C1,0.514574806690216
204,FC(F)(F)C1=CC=C(CN2C=CC=C(C(=O)NC3=C(Cl)C(Cl)=CC=C3)C2=O)C=C1,0.5911010420322418
205,FC(F)(F)C1=CC=C(CN2C=C(Cl)C=C(C(=O)NC3=C(Cl)C(Cl)=CC=C3)C2=O)C=C1,0.6168098556995392
206,O=C(Nc1ccc(F)c(Cl)c1)Nc1ccc(Cl)c(Cl)c1,0.5089774298667907
207,CC1=C(SN=N1)S(=O)(=O)C1=CC(Cl)=C(Cl)C=C1,0.5137098322808743
208,Clc1ccc(CNC2CCN(CCc3ccccc3)CC2)cc1Cl,0.7176020807027816
209,CC1N(CCN(C1=O)C1=C(C)C(Cl)=CC=C1)C(=O)C1=CC(Cl)=C(Cl)C=C1,0.5262716120481491
210,O=c1c(CNc2ccc(F)c(Cl)c2)coc2c(Cl)cc(Cl)cc12,0.6859194546937942
211,CC1N(CCN(C1=O)C1=CC=C(F)C(Cl)=C1)C(=O)C1=CC(Cl)=C(Cl)C=C1,0.6312593615055084
212,CC1=NOC(NC(=O)C2=CC(Cl)=C(Cl)C=C2)=C1Cl,0.5559987723827362
213,ClC1=CC(NC(=O)C2=CC(Cl)=C(Cl)C=C2)=C(C=C1)N1CCCCC1,0.6010787534713745
214,COc1cc(-c2ccc(NC(=O)c3ccc(Cl)c(Cl)c3)c(OC)c2)ccc1NC(=O)c1ccc(Cl)c(Cl)c1,0.6246965807676316
215,ClC1=CC(NC(=O)C2=CC(Cl)=C(Cl)C=C2)=C(C=C1)N1CCOCC1,0.6347197717428208
216,O=C(Nc1ccc(NC(=O)c2ccc(Cl)cc2Cl)cc1)c1ccc(Cl)c(Cl)c1,0.5928491225838661
217,CN1CCN(CC1)C1=C(NC(=O)C2=CC(Cl)=C(Cl)C=C2)C=C(Cl)C=C1,0.5258494365215302
218,ClC1=CC(OCC2=NN=C3SCCN(N23)C(=O)C2=CC(Cl)=C(Cl)C=C2)=C(Cl)C=C1,0.5174707835912704
219,O=C(Nc1ccc(S(=O)(=O)Nc2nccs2)cc1)c1ccc(Cl)c(Cl)c1,0.700140153169632
220,O=C(NCC1CCN(C(=O)c2ccc(Cl)c(Cl)c2)CC1)c1ccc(Cl)c(Cl)c1,0.5573799180984497
221,O=C(Nc1nc(-c2ccc(F)c(F)c2)cs1)c1ccc(Cl)c(Cl)c1,0.5764802861213684
222,OC(=O)C1=CC(Cl)=CN(CC2=CC=C(Cl)C(Cl)=C2)C1=O,0.5967229562997818
223,ClC1=CC=C(NC(=O)OCCN2CCN(CC2)C(=O)NC2=CC=C(Cl)C(Cl)=C2)C=C1Cl,0.653161181807518
224,ClC1=C(Cl)C=C(C=C1)C(=O)NC1=NC=C(Br)C=C1,0.5360452115535737
225,CC1=NN(C(OC(=O)C2=CC(Cl)=C(Cl)C=C2)=C1)C1=CC=C(NC(=O)C2=CC(Cl)=C(Cl)C=C2)C=C1,0.5937710916996002
226,FC1=CC(NC(=O)C2=C(Cl)C=CC=C2)=C(NC(=O)C2=C(Cl)C=CC=C2)C=C1Cl,0.5087219956517219
227,NC1=C(SC(NC2=CC=C(F)C(Cl)=C2)=N1)C(=O)C1=CC=CC=C1,0.6313009965419769
228,CC1=CC=C(C=C1)C(=O)C1=C(N)N=C(NC2=CC=C(F)C(Cl)=C2)S1,0.5560394901037217
229,CC1=CC(C)=C(C)C=C1C(=O)C1=C(N)N=C(NC2=CC=C(F)C(Cl)=C2)S1,0.6370246070623398
230,CC1=CC(C)=C(C=C1)C(=O)C1=C(N)N=C(NC2=CC=C(F)C(Cl)=C2)S1,0.6216437101364136
231,CC1=CC(C(=O)C2=C(N)N=C(NC3=CC=C(F)C(Cl)=C3)S2)=C(C)C=C1,0.6211048176884651
232,Cc1c(Cl)cccc1NC(=O)c1ccc(Cl)c(Cl)c1,0.537502906024456
233,COc1cc(NC(=O)c2ccc(Cl)c(Cl)c2)c(OC)cc1Cl,0.5072369328141213
234,FC(F)(F)C1=CC=C(C=C1)C1=C(NC(=O)C2=CC(Cl)=C(Cl)C=C2)N2C=CC=CC2=N1,0.5767579156160355
235,FC(F)(F)C1=CC=C(CC2CCN(CC2)C(=O)C2=CC(Cl)=C(Cl)C=C2)C=C1,0.5568418604135513
236,ClC1=CC=C(C2=NOC(CC(=O)NCC3=CC(Cl)=C(Cl)C=C3)C2)C(Cl)=C1,0.651972976922989
237,COC1=C(OC)C(OC)=C(C=C1)C(=O)C1=C(N)N=C(NC2=CC=C(F)C(Cl)=C2)S1,0.6099908715486526
238,CCOC(=O)C1=C(C)N=c2s/c(=C\c3cc(Cl)cc(Cl)c3O)c(=O)n2C1c1ccccc1Cl,0.5092209559679032
239,CCOc1ccccc1N1CCN(C(=O)Nc2ccc(Cl)c(Cl)c2)CC1,0.5092940518260002
240,FC(F)(F)C1=CC(SC2=C(C=CC=N2)C(=O)NCC2=CC=C(Cl)C(Cl)=C2)=CC=C1,0.5706801271438598
241,ClC1=CC=CC(SC2=C(C=CC=N2)C(=O)NCC2=CC=C(Cl)C(Cl)=C2)=C1,0.6045532828569412
242,Cc1cccc(N2CCN(C(=O)Nc3ccc(Cl)c(Cl)c3)CC2)c1C,0.6068212550878525
243,FC(F)(F)C1=CN=C(N2CCCN(CC2)C(=O)NC2=CC=C(Cl)C(Cl)=C2)C(Cl)=C1,0.6915749251842499
244,CCC1=CC=C(C=C1)C(=O)C1=C(N)N=C(NC2=CC=C(F)C(Cl)=C2)S1,0.5544742840528488
245,OC1=C2N=C(CNC3=CC=C(F)C(Cl)=C3)C=CC2=CC=C1,0.5094436925649642
246,CC1=CC=C(NC(=O)N2CCN(CC2)C2=CC(Cl)=C(Cl)C=C2)C=C1,0.5108969140052796
247,NC(=O)c1cc(NC(=O)c2ccc(Cl)c(Cl)c2)ccc1Cl,0.5360999512672424
248,COc1cc(OC)c(NC(=O)c2ccc(Cl)c(Cl)c2)cc1Cl,0.5131969863176346
249,ClC1=CC=CC(NC(=O)N2CCN(CC2)C2=CC(Cl)=C(Cl)C=C2)=C1,0.6479872399568558
250,O=C(Nc1ccc(Br)cc1C(=O)O)c1ccc(Cl)c(Cl)c1,0.5167506140470505
251,O=C(Nc1cccc(O)c1)c1cccc(NC(=O)c2ccc(Cl)c(Cl)c2)c1,0.5181482523679733
252,FC1=CN(CC2=CC=C(Cl)C(Cl)=C2)C(=O)N(CC2=CC=C(Cl)C(Cl)=C2)C1=O,0.7494347041845322
253,FC1=CN(C2CCCO2)C(=O)N(CC2=CC=C(Cl)C(Cl)=C2)C1=O,0.5084044238924981
254,FC1=CC=C(NC(=O)NC(=O)C2=C(OC3=C(Cl)C=C(Cl)C=C3)C=CC=C2)C=C1Cl,0.5270452889800071
255,COC1=C2NC=C(C(N3CCN(CC3)C3=CC(Cl)=C(Cl)C=C3)C(O)=O)C2=CC=C1,0.66251520216465
256,CS(=O)(=O)c1ccc2nc(NC(=O)c3ccc(Cl)c(Cl)c3)sc2c1,0.5604735776782036
257,CC(=O)c1ccc(N2CCN(C(=O)c3ccc(Cl)c(Cl)c3)CC2)c(F)c1,0.5268782410025596
258,OC(=O)C(N1CCN(CC1)C1=CC(Cl)=C(Cl)C=C1)C1=CNC2=CC=C(Cl)C=C12,0.7500340837240219
259,OC1=C(C=CC(NC(=O)C2=CC(Cl)=C(Cl)C=C2)=C1)C1=NC2=CN=CC=C2O1,0.5211291390657425
260,CN1C(NCC2=CC=C(Cl)C=C2)=NC2=C1C(=O)N(CC1=CC=C(Cl)C(Cl)=C1)C(=O)N2C,0.5565140932798386
261,OC(=O)C(N1CCN(CC1)C1=CC(Cl)=C(Cl)C=C1)C1=CNC2=CC(Br)=CC=C12,0.7101408016681671
262,OC(=O)C(N1CCN(CC1)C1=CC(Cl)=C(Cl)C=C1)C1=CNC2=CC(F)=CC=C12,0.7302052026987076
263,CC1=C(SC2=C1C(=O)N(CC1=CC=C(Cl)C(Cl)=C1)C=N2)C(O)=O,0.5170137941837311
264,COC1=CC=C2NC=C(C(N3CCN(CC3)C3=CC(Cl)=C(Cl)C=C3)C(O)=O)C2=C1,0.6825952899456024
265,FC(F)(F)C1=CC=C(CNC(=O)C2=CC(Cl)=C(Cl)C=C2)C=C1,0.5911855834722519
266,OC(=O)C(N1CCN(CC1)C1=CC(Cl)=C(Cl)C=C1)C1=CNC2=CC=CC=C12,0.6763283854722977
267,ClC1=CC(CNC(=O)C2=CC(Cl)=C(Cl)C=C2)=CC(Cl)=C1,0.6050253766775131
268,O=C(Nc1ccc(Cl)c(Cl)c1)N1CCN(c2ccc(F)cc2)CC1,0.5900820225477219
269,CC1=C(SC2=NC=NC(NC3=CC=C(F)C(Cl)=C3)=C12)C(O)=O,0.5229545778036118
270,O=S(=O)(Nc1ccc(F)cc1)c1cccc(S(=O)(=O)c2ccc(Cl)c(Cl)c2)c1,0.5971011784672737
271,O=C(O)c1ccc(NS(=O)(=O)c2cccc(S(=O)(=O)c3ccc(Cl)c(Cl)c3)c2)cc1,0.5470762193202973
272,CC(=O)c1ccc(NS(=O)(=O)c2cccc(S(=O)(=O)c3ccc(Cl)c(Cl)c3)c2)cc1,0.5099747839570046
273,ClC1=CC=C(C=C1)S(=O)(=O)NCCC(=O)NCC1=CC=C(Cl)C(Cl)=C1,0.5687424612045288
274,FC1=C(CSC2=C(C=CC=N2)C(=O)NCC2=CC=C(Cl)C(Cl)=C2)C=CC=C1,0.5089211991429329
275,ClC1=CC=C(CNC(=O)C2=C(SCC3=C(Cl)C=CC=C3)N=CC=C2)C=C1Cl,0.5889600515365601
276,ClC1=CC=C(CNC(=O)C2=C(SCC3=CC(Br)=CC=C3)N=CC=C2)C=C1Cl,0.5286832296848297
277,FC(F)(F)C1=CC(NC(=O)N2CCN(CC2)C2=C(Cl)C=NC=C2Cl)=CC=C1,0.7379792422056198
278,Cc1ccc(S(=O)(=O)NC(=O)NCc2ccc(Cl)c(Cl)c2)cc1,0.6197403913736343
279,CCCN1C=C(C(=O)NC2=CC=C(Cl)C(Cl)=C2)C(=O)C2=CC=C(C)N=C12,0.5649267356097698
280,CC1=CC=C(NS(=O)(=O)C2=C(C=NN2)C(=O)NC2=CC=C(Cl)C(Cl)=C2)C=C1,0.5511239206790924
281,ClC1=CC=C(NS(=O)(=O)C2=C(C=NN2)C(=O)NC2=CC=C(Cl)C(Cl)=C2)C=C1,0.6387316673994065
282,CSC1=NNC(NC(=O)C2=CC(Cl)=C(Cl)C=C2)=C1S(=O)(=O)C1=CC=C(Cl)C=C1,0.6636801546812058
283,O=C(Nc1ccc(Cl)cn1)c1cccc(Cl)c1Cl,0.5013332697749138
284,O=C(Nc1cc(Cl)cc(Cl)c1)c1cccc(Cl)c1Cl,0.554861034154892
285,FC(F)(F)C1=CC(=NC2=CC(=NN12)C(=O)NC1=CC=C(Cl)C(Cl)=C1)C1=CC=C(Cl)C=C1,0.5016882205009461
286,CCOC(=O)C1=C(N2CCN(CC2)C2=C(F)C=CC=C2)C2=CC=C(C=C2N=C1)C(F)(F)F,0.5597329032421112
287,CCOC(=O)C1=C(N2CCN(CC2)C2=CC(Cl)=CC=C2)C2=CC=C(C=C2N=C1)C(F)(F)F,0.5012270128726959
288,C\C(NCC1=CC=C(C)C=C1)=C/C1=NSC(NC2=CC=C(F)C(Cl)=C2)=N1,0.5127479374408722
289,FC1=C2NC=C(C(=O)C2=CC=C1)S(=O)(=O)C1=CC(Cl)=C(Cl)C=C1,0.6804537147283554
290,ClC1=CC2=NC=CC(N3CCC(CC3)N3C=CC=C3)=C2C=C1,0.5200905081629753
291,OC(=O)C(N1CCN(CC1)C1=CC(Cl)=C(Cl)C=C1)C1=CNC2=CC=C(Br)C=C12,0.7074138385057449
292,CSC1=CC=CC(NC(=O)NCC2=CC=C(Cl)C(Cl)=C2)=C1,0.5695597547292709
293,CC1=CC=C(NC(=O)NCC2=CC=C(Cl)C(Cl)=C2)C=C1F,0.510519708096981
294,CN(C)c1ccc(NC(=O)c2ccc(Cl)c(Cl)c2)c2ccccc12,0.5531784301996231
295,CC1=CC=C(NC(=O)N2CCN(CC2)C2=CC(Cl)=C(Cl)C=C2)C=C1F,0.5929293006658554
296,CC1=CC(NC2=NC3=CC(Cl)=C(Cl)C=C3N3C=NN=C23)=CC(C)=C1,0.5057546281814576
297,FC(F)(F)C1=CC=C(Cl)C(NC(=O)NCC2=CC=C(Cl)C(Cl)=C2)=C1,0.7040671110153198
298,ClC1=CC=C(NC2=NC3=CC(Cl)=C(Cl)C=C3N3C=NN=C23)C=C1,0.5691763722896576
299,O=C(Nc1ccc(Cl)c(C(F)(F)F)c1)c1ccc(Cl)c(Cl)c1,0.6004117745161056
300,O=C(Nc1ccc(Nc2ccccc2)cc1)c1ccc(Cl)c(Cl)c1,0.5055852910876274
301,COC1=CC=C(NC2=NC3=CC(Cl)=C(Cl)C=C3N3C=NN=C23)C=C1Cl,0.600240415930748
302,FC(F)(F)C1=CC(=CC(NS(=O)(=O)C2=CC=C(NC(=O)C3=CC(Cl)=C(Cl)C=C3)C=C2)=C1)C(F)(F)F,0.5676283103227615
303,ClC1=CC=C(CCNC2=NC3=CC(Cl)=C(Cl)C=C3N3C=NN=C23)C=C1,0.6239862889051437
304,CC1=CC=C(NC2=NC3=CC(Cl)=C(Cl)C=C3N3C=NN=C23)C=C1F,0.5368552339076996
305,FC(F)(F)C1=CC=C(Cl)C(NC(=O)N2CCN(CC2)C2=CC(Cl)=C(Cl)C=C2)=C1,0.7278456056118011
306,COC1=CC(=C(C=N1)C(=O)NCC1=CC=C(Cl)C(Cl)=C1)C(F)(F)F,0.540871359705925
307,CC1=NN(C(C)=C1)C1=NC2=CC(Cl)=C(Cl)C=C2N=C1NC1=CC(C)=CC(C)=C1,0.5576059377193451
308,CC1=NN(C(C)=C1)C1=NC2=CC(Cl)=C(Cl)C=C2N=C1NC1=C(C)C=C(C)C=C1,0.532409228682518
309,CC1=NN(C(C)=C1)C1=NC2=CC(Cl)=C(Cl)C=C2N=C1NC1=CC=C(C)C=C1,0.5101418536901474
310,CC1=NN(C(C)=C1)C1=NC2=CC(Cl)=C(Cl)C=C2N=C1NCCC1=CC=CC=C1,0.5290345430374146
311,O=C(Nc1ccc(Cl)c(Cl)c1)c1cccc(Cl)c1Cl,0.6467530143260956
312,CC1=NN(C(C)=C1)C1=NC2=CC(Cl)=C(Cl)C=C2N=C1NCC1=CC=C(F)C=C1,0.5392164516448975
313,CC1=NN(C(C)=C1)C1=NC2=CC(Cl)=C(Cl)C=C2N=C1NC1=CC=C(C)C(F)=C1,0.5375866210460662
314,COC1=NC=CC(=C1C(=O)NCC1=CC=C(Cl)C(Cl)=C1)C(F)(F)F,0.52330536454916
315,FC(F)(F)C1=CC=NC(OC2=CC=C(Cl)C=C2)=C1C(=O)NCC1=CC=C(Cl)C(Cl)=C1,0.5436809897422791
316,CCSC1=NC=CC(=C1C(=O)NCC1=CC=C(Cl)C(Cl)=C1)C(F)(F)F,0.5620864599943161
317,CC1=NN(C(C)=C1)C1=NC2=CC(Cl)=C(Cl)C=C2N=C1NC1=CC=C(C)C(C)=C1,0.5513191908597946
318,ClC1=CC(=CC=C1)C1=NOC(=C1)C(=O)NCC1=CC(Cl)=C(Cl)C=C1,0.5119393247365952
319,COC1=CC=CC(CNC2=NC3=CC(Cl)=C(Cl)C=C3N=C2N2N=C(C)C=C2C)=C1,0.5186275959014892
320,CCOC1=CC=C(CCNC2=NC3=CC(Cl)=C(Cl)C=C3N=C2N2N=C(C)C=C2C)C=C1OCC,0.5403975975513459
321,CCC1=CC=C(NC2=NC3=CC(Cl)=C(Cl)C=C3N=C2N2N=C(C)C=C2C)C=C1,0.5345248806476594
322,ClC1=C(Cl)C=C(C=C1)C(=O)NC1=NOC=C1,0.5204562032222748
323,CC1=NN(C(C)=C1)C1=NC2=CC(Cl)=C(Cl)C=C2N=C1NC1=C(C)C(C)=CC=C1,0.5521760541200638
324,CCOC1=CC=C(NC2=NC3=CC(Cl)=C(Cl)C=C3N=C2N2N=C(C)C=C2C)C=C1,0.5171592706441879
325,COC1=CC=C(CCNC2=NC3=CC(Cl)=C(Cl)C=C3N=C2N2N=C(C)C=C2C)C=C1OC,0.5101527523994446
326,CC1=NN(C(C)=C1)C1=NC2=CC(Cl)=C(Cl)C=C2N=C1NCCC1=CC=C(C)C=C1,0.5552799230813981
327,ClC1=C(Cl)C=C(C=C1)N1CCN(CC1)C(=O)NC1=C(Br)C=CC=C1,0.5455812621116638
328,O=C(Nc1cc(C(F)(F)F)ccc1Cl)c1cccc(Cl)c1Cl,0.5664941543340682
329,O=C(Nc1ccc(Cl)c(Cl)c1)N1CCN(c2cccc(C(F)(F)F)c2)CC1,0.6562338936328888
330,Cc1cc(NS(=O)(=O)c2ccc(NC(=O)c3ccc(Cl)c(Cl)c3)cc2)nc(C)n1,0.5425237041711807
331,FC1=C(NC(=O)NCC2=CC=C(Cl)C(Cl)=C2)C=CC(Cl)=C1,0.6514932978153228
332,FC1=C(NC(=O)N2CCN(CC2)C2=CC(Cl)=C(Cl)C=C2)C=CC(Cl)=C1,0.6601821595430374
333,O=c1/c(=C/c2c(Cl)cc(Cl)c(O)c2Cl)sc2nc3ccccc3n12,0.6173505204916
334,FC1=CC=C(NC2N(C(=O)C3=CC=CC=C23)C2=NC=C(Cl)C=C2)C=C1Cl,0.5030044347047806
335,Oc1c(Cl)cc(Cl)cc1/C=C/c1ccc2cccc(O)c2n1,0.6316878736019135
336,CSC1=NC=C(Cl)C(=N1)C(=O)NC1=NC=C(Cl)C=C1Cl,0.6012535583972931
337,O=S(=O)(Nc1cccnc1)c1cccc(S(=O)(=O)c2ccc(Cl)c(Cl)c2)c1,0.5974026435613632
338,O=S(=O)(Nc1ccc(Cl)cc1)c1cccc(S(=O)(=O)c2ccc(Cl)c(Cl)c2)c1,0.6714383894205094
339,O=C(Nc1ccc(Cl)cc1C(F)(F)F)c1ccc(Cl)c(Cl)c1,0.5054066520929337
340,CC(C)NC(=O)C1=CSC(NC(=O)C2=CC(Cl)=C(Cl)C=C2)=N1,0.5357720392942429
341,ClC1=C(Cl)C=C(C=C1)C(=O)NC1=NC(=CS1)C(=O)NCC1=CC=CO1,0.5769216486811638
342,FC1=CC(F)=C(NC(=O)N2CCN(CC2)C2=CC(Cl)=C(Cl)C=C2)C=C1,0.551730927824974
343,CC(C)C1=CC=C(NC(=O)N2CCN(CC2)C2=CC(Cl)=C(Cl)C=C2)C=C1,0.5918079775571823
344,ClC1=C(Cl)C=C(C=C1)N1CCN(CC1)C(=O)NCC1=CC=CC=C1,0.5527418914437294
345,CCC(C)NC(=O)C1=CSC(NC(=O)C2=CC(Cl)=C(Cl)C=C2)=N1,0.5251885834336281
346,ClC1=C(Cl)C=C(C=C1)C(=O)NC1=NC(=CS1)C(=O)NCC1=CC=CC=C1,0.585022851228714
347,ClC1=CC=C(C=C1)C(=O)N1CCN(CC1)C1=C(Cl)C=NC=C1Cl,0.5479115936905146
348,FC(F)(F)C1=CC=CC(=C1)C(=O)N1CCN(CC1)C1=C(Cl)C=NC=C1Cl,0.6359646783769131
349,ClC1=CN=CC(Cl)=C1N1CCN(CC1)C(=O)NC1=CC=CC=C1,0.5296088510751724
350,ClC1=CC=C(NC(=O)N2CCN(CC2)C2=C(Cl)C=NC=C2Cl)C=C1,0.6632276612520218
351,ClC1=C(Cl)C=C(C=C1)C(=O)NC1=NC(=CS1)C(=O)N1CCOCC1,0.5593807992339134
352,ClC1=C(Cl)C=C(C=C1)C(=O)NC1=NC(=CS1)C(=O)NCCC1=NC=CC=C1,0.5060211682319641
353,CC(C)N(C)C(=O)C1=CSC(NC(=O)C2=CC(Cl)=C(Cl)C=C2)=N1,0.562971179485321
354,FC1=CC=C(CNC(=O)C2=CSC(NC(=O)C3=CC(Cl)=C(Cl)C=C3)=N2)C=C1,0.610424416065216
355,ClC1=C(Cl)C=C(C=C1)C(=O)NC1=NC(=CS1)C(=O)NCCC1=CC=CS1,0.5670300906896591
356,FC1=CC=CC(CNC(=O)C2=CSC(NC(=O)C3=CC(Cl)=C(Cl)C=C3)=N2)=C1,0.5730326455831528
357,FC1=C(CNC(=O)C2=CSC(NC(=O)C3=CC(Cl)=C(Cl)C=C3)=N2)C=CC=C1,0.539716300368309
358,ClC1=C(Cl)C=C(C=C1)C(=O)NC1=NC(=CS1)C(=O)NCC1=CC=CS1,0.6231897938251495
359,ClC1=C(Cl)C=C(C=C1)C(=O)NC1=NC(=CS1)C(=O)NCCC1=CC=CN=C1,0.5506059753894806
360,ClC1=C(Cl)C=C(C=C1)C(=O)NC1=NC(=CS1)C(=O)NCCC1=CC=NC=C1,0.5636259526014328
361,CN(C)C1CCN(CC1)C(=O)C1=CSC(NC(=O)C2=CC(Cl)=C(Cl)C=C2)=N1,0.7441006010770798
362,CN(C)C1CCN(C1)C(=O)C1=CSC(NC(=O)C2=CC(Cl)=C(Cl)C=C2)=N1,0.7292072659730912
363,COCCN(C)C(=O)C1=CSC(NC(=O)C2=CC(Cl)=C(Cl)C=C2)=N1,0.5311669147014618
364,NC(=O)C1=C(SCC(=O)NCC2=CC=C(Cl)C(Cl)=C2)SC2=C(O)C=C(O)N=C12,0.542056859433651
365,FC1=CC=C(NC(=O)C2=NSC(Cl)=C2Cl)C=C1Cl,0.5851235899329186
366,ClC1=C(Cl)C=C(C=C1)S(=O)(=O)C1=CC(Cl)=C(Cl)C=C1,0.7733694446086884
367,ClC1=CC(Cl)=C(C=C1)C1=NC2=CC(NC(=O)C3=CC(Cl)=C(Cl)C=C3)=CC=C2O1,0.5620732933282853
368,ClC1=C(Cl)C=C2N=C(NC(=O)C3=CC=CC=C3)SC2=C1,0.5208474254608154
369,FC1=CC=C(NC(=O)C2=CC(Cl)=C(Cl)C=C2)C=C1Cl,0.5881549447774888
370,O=C(Nc1nnc(-c2cccnc2)s1)c1ccc(Cl)c(Cl)c1,0.6161367702484131
371,CC1=CC(C)=C2N=C(NC(=O)C3=CC(Cl)=C(Cl)C=C3)SC2=C1,0.518967524766922
372,CCc1nnc(NS(=O)(=O)c2ccc(NC(=O)c3ccc(Cl)c(Cl)c3)cc2)s1,0.6420834028720855
373,COc1cc(NS(=O)(=O)c2ccc(NC(=O)c3ccc(Cl)c(Cl)c3)cc2)nc(OC)n1,0.6351908093690872
374,COc1cc(NS(=O)(=O)c2ccc(NC(=O)c3ccc(Cl)c(Cl)c3)cc2)ncn1,0.5947083109617233
375,ClC1=CC=C(C=C1)N1CCN(CC1)C(=O)C1=CC(Cl)=C(Cl)C=C1,0.5618006202578545
376,ClC1=C(Cl)C=C(C=C1)C(=O)NC1=NN=C(S1)C1CCCO1,0.5215694010257721
377,ClC1=C(Cl)C=C(C=C1)C(=O)NC1=CC=C2OC(=NC2=C1)C1=CC(Cl)=C(Cl)C=C1,0.6315752059221268
378,CCCC1=C(N=C(NC(=O)C2=CC(Cl)=C(Cl)C=C2)S1)C1=C(Cl)C=C(Cl)C=C1,0.6442862719297409
379,OC(=O)C(N1CCN(CC1)C1=CC(Cl)=C(Cl)C=C1)C1=CNC2=CC(Cl)=CC=C12,0.760547571182251
380,O=C(Nc1ccc(F)c(Cl)c1)c1cccc(Cl)c1Cl,0.53400959700346
381,ClC1=CC=C(C=C1)C1=CC(=NN1)C(=O)NCC1=CC=C(Cl)C(Cl)=C1,0.5225618582963943
382,ClC1=CC=C(C=C1)N1CCC(CC1)NC1COC2=CC=CC=C2C1,0.5347295117378235
383,O=C(Nc1ccc(F)c(Cl)c1)c1ccc(-c2cccc(Cl)c2Cl)o1,0.6040002113580704
384,OC1=CC=CC(NC(=O)C2=CC(NC(=O)C3=CC(Cl)=C(Cl)C=C3)=CC=C2)=C1,0.5181482505798339
385,ClC1=CC=C(C=C1Cl)C(=O)NC1=CC=CN=C1NC(=O)C1=CC=C(Cl)C(Cl)=C1,0.6955591487884522
386,CC1=CC=C2N=C(C=C(NC3=CC=C(F)C(Cl)=C3)C2=C1)C(O)=O,0.67768519282341
387,ClC1=C(Cl)C=C(C=C1)C(=O)NC1=NOC2=CC=CC=C12,0.5136894950270653
388,Cc1cc(Cl)ccc1OC(C)C(=O)NCc1ccc(Cl)c(Cl)c1,0.5623580086231231
389,O=C(CCC(=O)NCc1ccc(Cl)c(Cl)c1)NCc1ccc(Cl)c(Cl)c1,0.6950897264480591
390,CC(Oc1cccc(Cl)c1)C(=O)NCc1ccc(Cl)c(Cl)c1,0.5480399245023727
391,O=C(NCc1ccc(Cl)c(Cl)c1)Nc1ccc(Cl)cc1,0.5724799007177352
392,O=C(NCc1ccc(Cl)c(Cl)c1)c1ccc(Cl)cc1Cl,0.6601440048217774
393,Cc1cc(NS(=O)(=O)c2ccc(NC(=O)c3ccc(Cl)c(Cl)c3)cc2)no1,0.6266223311424255
394,O=C(NCc1ccc(Cl)c(Cl)c1)c1ccc(Br)o1,0.5347636213898659
395,ClC1=C(Cl)C=C(C=C1)C(=O)NC1=NN=C(S1)C1=CC=C(Br)C=C1,0.5716566926240921
396,ClC1=CC=C(C=C1Cl)C(=O)NC1=NN=C(CC2=CNC3=CC=CC=C23)S1,0.5403370869159698
397,CC(Oc1ccc(Cl)cc1Cl)C(=O)NCc1ccc(Cl)c(Cl)c1,0.7173660999536514
398,O=C(NCc1ccc(Cl)c(Cl)c1)Nc1ccc(Cl)c(Cl)c1,0.7757357901334763
399,O=C(Nc1nc(-c2ccc(F)cc2F)cs1)c1ccc(Cl)c(Cl)c1,0.5159047341346741
400,O=C(Nc1ccc(F)c(Cl)c1)c1cccc(C(=O)Nc2ccc(F)c(Cl)c2)n1,0.5506812852621078
401,O=C(NCc1ccc(Cl)c(Cl)c1)c1ccccc1Cl,0.517064844071865
402,O=C(NCc1ccc(Cl)c(Cl)c1)c1ccco1,0.5400703197717667
403,CC1=NN(C(C)=C1)C1=NC2=CC(Cl)=C(Cl)C=C2N=C1NC1=C(C)C=CC(C)=C1,0.5208996325731278
404,CC1=NN(C(C)=C1)C1=NC2=CC(Cl)=C(Cl)C=C2N=C1NC1=CC=C(Cl)C(Cl)=C1,0.7094916927814484
405,FC1=CC=CC(=C1)C(=O)NC1=NC2=C(Cl)C(Cl)=CC=C2S1,0.5272097915410996
406,O=C(Nc1cc(C(F)(F)F)ccc1N1CCOCC1)c1ccc(Cl)c(Cl)c1,0.6409758448600769
407,ClC1=CC=C(C=C1)N1N=CC2=C1N=CN(CC1=CC=C(Cl)C(Cl)=C1)C2=O,0.5212213361263275
408,O=C(Nc1nc2ccc(Cl)cc2s1)c1cccc(Cl)c1Cl,0.5260746890306472
409,FC1=C(C=CN=C1)N1CCOC(C1)C1=CC(Cl)=C(Cl)C=C1,0.7589839613437652
410,NC1=C(SC(NC2=CC=C(F)C(Cl)=C2)=N1)C(=O)C1=CC=C(F)C=C1,0.610306646823883
411,COC1=C(C=CC=C1)C(=O)C1=C(N)N=C(NC2=CC=C(F)C(Cl)=C2)S1,0.6230913972854615
412,FC1=CC=C(C=C1)N1CCN(CC1)C1=C(C=NC2=CC=C(F)C=C12)S(=O)(=O)C1=CC=C(Cl)C=C1,0.5150078131258488
413,FC1=CC=C2N=CC(=C(N3CCN(CC3)C3=C(F)C=CC=C3)C2=C1)S(=O)(=O)C1=CC=C(Cl)C=C1,0.575253090262413
414,FC1=C(C=CC=C1)N1CCN(CC1)C1=C(C=NC2=CC=CC=C12)S(=O)(=O)C1=CC=C(Cl)C=C1,0.5432934337854385
415,Cl.Cl.CN1CCC(CC1)NC1=NC2=C(NC3=CC(Cl)=C(F)C=C3)N=CN=C2C=N1,0.6470576804876328
416,COC1=CC=C2N=CC(=C(Cl)C2=C1)S(=O)(=O)C1=CC(Cl)=C(Cl)C=C1,0.6192826002836227
417,FC1=CC=C2N=CC(=C(Cl)C2=C1)S(=O)(=O)C1=CC(Cl)=C(Cl)C=C1,0.6431471943855286
418,ClC1=CC=C2C(Cl)=C(C=NC2=C1)S(=O)(=O)C1=CC(Cl)=C(Cl)C=C1,0.7184956037998199
419,FC1=CC=C2C(Cl)=C(C=NC2=C1)S(=O)(=O)C1=CC(Cl)=C(Cl)C=C1,0.6626081544160843
420,O=C(Nc1ccccc1C(=O)Nc1ccccc1Cl)c1ccc(Cl)c(Cl)c1,0.5138972944021225
421,OC1=C(Cl)C=C(Cl)C(C=C2SC3=NC4=CC=CC=C4N3C2=O)=C1Cl,0.6293734228610992
422,FC1=CC=C(NC(=O)C2=CC=CN(CC3=CC=C(C=C3)C(F)(F)F)C2=O)C=C1Cl,0.5195221284031868
423,ClC1=CC=C(NC(=O)C2=CN(CC3=CC=CC=C3)C(=O)C=C2)C=C1Cl,0.5374138832092286
424,FC1=CC=C(NC(=O)C2=CN(CC3=CC=C(C=C3)C(F)(F)F)C(=O)C=C2)C=C1Cl,0.5794978594779968
425,ClC1=CC=C2N=CC(=C(Cl)C2=C1)S(=O)(=O)C1=CC(Cl)=C(Cl)C=C1,0.7116496062278748
426,CC1=CC=C2N=CC(=C(Cl)C2=C1)S(=O)(=O)C1=CC(Cl)=C(Cl)C=C1,0.6063479623198509
427,CC1=CC(C)=C(C=C1)N1CCN(CC1)C(=O)C1=CC(Cl)=C(Cl)C=C1,0.5127387914061546
428,FC1=CC=C(CNC(=O)C2=CC(Cl)=C(Cl)C=C2)C=C1Cl,0.6118966972827912
429,O=C(Nc1nnc(CSCc2cccc(Br)c2)s1)c1ccc(Cl)c(Cl)c1,0.5223071894049645
430,CC(NC(=O)N1CCN(CC1)C1=CC(Cl)=C(Cl)C=C1)C(=O)NCC1=CC=NC=C1,0.5399752123653889
431,CC(NC(=O)N1CCN(CC1)C1=CC(Cl)=C(Cl)C=C1)C(=O)NCC1=CC=CN=C1,0.5124966688454151
432,ClC1=C(Cl)C=C(C=C1)C(=O)NC1=NN=C(CCC2=CC=CC=C2)S1,0.5192726242542267
433,CCC[C@@H]1CN(C[C@H]1N(C)C)C1=CC=NC2=C(C=CC=C12)C(F)(F)F,0.5413200590014458
434,CSC1=NN=C(CC2CCN(CC2)C2=C(F)C=NC=C2)N1C,0.5122263838350772
435,COc1cc2sc(NC(=O)C(C)Oc3ccc(Cl)cc3Cl)nc2cc1Cl,0.5164267581701278
436,ClC1=C(Cl)C=C(C=C1)C(=O)NCC1CCN(CC1)C(=O)C1=CC(Cl)=C(Cl)C=C1,0.5573799192905426
437,O=C(Nc1ccc(Br)cc1Cl)N1CCN(c2ccc(Cl)c(Cl)c2)CC1,0.62918397128582
438,O=C(Nc1ccc(F)c(Cl)c1)N1CCN(c2cccc(C(F)(F)F)c2)CC1,0.5360528329014778
439,OC1(CCN(CC1)C1=C(F)C=NC=C1)C1=CC=CC(=C1)C(F)(F)F,0.5680535793304443
440,Cc1ccc(NC(=O)N2CCN(c3ccc(Cl)c(Cl)c3)CC2)cc1Cl,0.6838510239124298
441,O[C@H]1CN(C[C@@H]1N1CCOCC1)C(=O)NC1=C(F)C(Cl)=CC=C1,0.548830748796463
442,O=C(Nc1ccccc1C(F)(F)F)N1CCN(c2ccc(Cl)c(Cl)c2)CC1,0.5877173089981079
443,CC1N(CCN(C1=O)C1=CC(Cl)=C(Cl)C=C1)C(=O)NC1=CC(Cl)=CC=C1,0.6613577198982239
444,ClC1=CC=C2OC(=NC2=C1)C1=CC(NC(=O)C2=CC(Cl)=C(Cl)C=C2)=CC=C1Cl,0.532646915614605
445,COc1ccc(Cl)cc1NC(=O)N1CCN(c2ccc(Cl)c(Cl)c2)CC1,0.5926994562149048
446,CC(=O)c1sc(NC(=O)c2ccc(Cl)c(Cl)c2)nc1C,0.5807794433832169
447,ClC1=CC=C(NC(=O)N2CCN(CC2)C(=O)NC2=CC=C(Cl)C(Cl)=C2)C=C1Cl,0.7055012661218644
448,O=C(NC12CC3CC(CC(C3)C1)C2)N1CCN(c2ccc(Cl)c(Cl)c2)CC1,0.6110323560237885
449,ClC1=C(Cl)C=C(C=C1)C(=O)NC1=CC=CC(NC(=O)C2=CC(Cl)=C(Cl)C=C2)=N1,0.7644843035936355
450,O=C(Nc1nc2c(Cl)c(Cl)ccc2s1)c1ccco1,0.6465003502368927
451,COc1cc2sc(NC(=O)c3cc(Cl)c(OC)c(Cl)c3)nc2cc1Cl,0.5031646749377251
452,Cn1c(CNC(=O)c2ccc(Cl)c(Cl)c2)nnc1SCc1ccc(Cl)c(Cl)c1,0.6690141469240188
453,O=C(Nc1nc2c(Cl)c(Cl)ccc2s1)c1cccc(Br)c1,0.5573132127523422
454,O=C(Nc1nc2c(Cl)c(Cl)ccc2s1)c1sc2ccccc2c1Cl,0.5422377640008926
455,FC(F)(F)C1=CN=C(N2CCN(CC2)C(=O)NC2=CC=C(Cl)C(Cl)=C2)C(Cl)=C1,0.7120302176475525
456,O=C(Nc1nc2c(Cl)c(Cl)ccc2s1)c1ccccc1F,0.5702608686685562
457,CCC1=NN=C(NC(=O)C2=CC(Cl)=C(Cl)C=C2)S1,0.5247530624270439
458,CC(=O)c1sc(Nc2ccc(F)c(Cl)c2)nc1N,0.6581386286020279
459,ClC1=CC=C(NC(=O)N2CCN(CC2)C2=CC=CC=C2)C=C1Cl,0.545765332877636
460,Cn1c(CCNC(=O)c2ccc(Cl)c(Cl)c2)nnc1SCc1ccc(Cl)c(Cl)c1,0.6613398045301437
461,Cl.NC1=C(SC2=NC3=C(C=C12)N1CCC3CC1)C(=O)NC1=CC(Cl)=C(F)C=C1,0.6039487248659134
462,FC1=CC=C(CC2=CN=C(NC(=O)C3=CC(Cl)=C(Cl)C=C3)S2)C=C1,0.5192027741670608
463,CC1=CC=C(NC2=NC(NC3=CC=C(F)C(Cl)=C3)=NC(NC3=CC=C(F)C(Cl)=C3)=N2)C=C1,0.5727429822087288
464,COC1=CC=C(NC2=NC(NC3=CC=C(F)C(Cl)=C3)=NC(NC3=CC=C(F)C(Cl)=C3)=N2)C=C1,0.532837099134922
465,Cc1ccc(Cl)cc1N1CCN(C(=O)Nc2ccc(Cl)c(Cl)c2)CC1,0.6741007673740387
466,FC(F)(F)C1=CC2=C(SC3=C(C=CC=C3)N2C(=O)C2=CC(Cl)=C(Cl)C=C2)C=C1,0.5950223052501679
467,CC1=NOC(NS(=O)(=O)C2=CC=C(NC(=O)C3=CC(Cl)=C(Cl)C=C3)C=C2)=C1C,0.6548134976625443
468,ClC1=C(Cl)C=C(C=C1)C(=O)NC1=CC=C(C=C1)S(=O)(=O)NC1=NC=CS1,0.7001401567459107
469,ClC1=C(Cl)C=C(C=C1)C(=O)\N=C1/OC(=C(N1C(=O)C1=CC(Cl)=C(Cl)C=C1)C1=CC=CC=C1)C1=CC=CC=C1,0.5399917387962341
470,ClC1=C(N=C(NCC2=CC=CN=C2)S1)S(=O)(=O)C1=CC=C(Cl)C=C1,0.5278932783007622
471,CSc1nsc(NC(=O)c2ccc(Cl)c(Cl)c2)n1,0.7196444869041443
472,CCOC(=O)C1=CNC(=O)C(C(CC(=O)NCC2=CC=C(Cl)C(Cl)=C2)C2=CC(O)=C(OC)C=C2)=C1O,0.5216272324323654
473,CCN([C@H]1COC[C@@H]1O)C(=O)NCC1=CC=C(Cl)C(Cl)=C1,0.5513610005378723
474,CCN1C=C(C(=O)NC2=C(Cl)C=C(Cl)C=C2)C(=O)C2=CC(OC)=CC=C12,0.5000200040638447
475,NC1=CC(=O)N(CC2=CC=C(Cl)C(Cl)=C2)C(=O)N1CC1=CC=CC=C1,0.6073064202070236
476,O=C(Nc1ccc(F)cc1)N1CCN(c2ccc(Cl)c(Cl)c2)CC1,0.5234934428334236
477,OC(=O)C12CC3CC(CC(C3)(C1)N1N=CC(NC3=CC=C(F)C(Cl)=C3)=C(Cl)C1=O)C2,0.6680599159002304
478,OC(=O)CC12CC3CC(C1)CC(C3)(C2)N1N=CC(NC2=CC=C(F)C(Cl)=C2)=C(Cl)C1=O,0.6753834044933319
479,O=C(Nc1ccon1)c1ccc(Cl)c(Cl)c1,0.5204562044143677
480,FC1=CC=C(NC2=C(Cl)C(=O)N(N=C2)C23CC4CC(CC(C4)C2)C3)C=C1Cl,0.7166295456886291
481,O=C(Nc1cccc(Cl)c1)N1CCN(c2ccc(Cl)c(Cl)c2)CC1,0.6479872363805771
482,OC1=CC=C(C=C1)[C@H]1NC(=O)[C@@H](NC1=O)C1CCCCC1,0.5719349669292569
483,FC1=CC=C(NS(=O)(=O)C2=CC=CC(=C2)S(=O)(=O)C2=CC(Cl)=C(Cl)C=C2)C=C1,0.5971011796593666
484,CC1=CC=C(C=C1)S(=O)(=O)NC1=NC2=CC=CC=C2N=C1NC1=CC=C(F)C(Cl)=C1,0.5386492091417313
485,FC1=CC=C(NC2=NC3=CC=CC=C3N=C2NS(=O)(=O)C2=CC=CS2)C=C1Cl,0.5526871645450592
486,FC1=CC=C(NC2=NC3=CC=CC=C3N=C2NS(=O)(=O)C2=CC=CC=C2)C=C1Cl,0.5580622673034668
487,CC1=CC=CC(=C1)S(=O)(=O)NC1=NC2=CC=CC=C2N=C1NC1=CC=C(F)C(Cl)=C1,0.5252758693695069
488,CC1=C(C)C=C(C=C1)S(=O)(=O)NC1=NC2=CC=CC=C2N=C1NC1=CC=C(F)C(Cl)=C1,0.5304275441169739
489,FC1=CC=C(C=C1)S(=O)(=O)NC1=NC2=CC=CC=C2N=C1NC1=CC=C(F)C(Cl)=C1,0.5388254195451736
490,FC1=CC=C(NC2=NC3=CC=CC=C3N=C2NS(=O)(=O)C2=CC=C(Cl)C=C2)C=C1Cl,0.63161108314991
491,CC(C)[C@@H]1NC(=O)[C@H](C)NC(=O)[C@H]([C@@H](C)O)NC(=O)c2cc(on2)CN(C(=O)c2csc(-c3ccc(C(F)(F)F)cc3)n2)CCNC1=O,0.6352039676904678
492,FC1=CC=C(NC2=NC3=CC=CC=C3N=C2NS(=O)(=O)C2=CC(Cl)=CC=C2Cl)C=C1Cl,0.6839906686544418
493,OC1=CC=C(C=C1)[C@H]1NC(=O)[C@@H](NC1=O)C1=CC=CC=C1,0.5497574833035469
494,CC1=CC=C(Cl)C=C1N1CCN(CC1)C(=O)NC1=CC=C(Cl)C(Cl)=C1,0.6741007739305496
495,FC1=CC=C(NC2=NC3=CC=CC=C3N=C2NS(=O)(=O)C2=CC(Cl)=CC=C2)C=C1Cl,0.5730213105678559
496,CC1=CC(=C(C)C=C1)S(=O)(=O)NC1=NC2=CC=CC=C2N=C1NC1=CC=C(F)C(Cl)=C1,0.539622174501419
497,FC(F)(F)C1=C(NC(=O)C2=CC(Cl)=C(Cl)C=C2)C=CC(Cl)=C1,0.505406648516655
498,[K+].FC1=CC=C(NC2=C(C3=CC=CC=C3)C3=CC(Cl)=CC=C3[N-]C2=O)C=C1Cl,0.5955954140424728
499,FC1=CC=C(NC(=O)N2CCN(CC2)C2=CC=CC(=C2)C(F)(F)F)C=C1Cl,0.5360528346896172
500,ClC1=CC2=NC=CC(N3CCN(CC3)C(=O)C3=CC(Cl)=C(Cl)C=C3)=C2C=C1,0.5688646447658539
501,COC1=C(C=C(Cl)C=C1)C(=O)NCC1=CC=C(Cl)C(Cl)=C1,0.5270027387142181
502,ClC1=CC=C(CNC(=O)C2=CC(Cl)=C(Cl)C=C2)C=C1Cl,0.730030557513237
503,COC1=C2C(=O)[C@]3(OC2=C(Cl)C(OC)=C1)[C@H](C)CC(=O)C(C(CC(=O)NCC1=CC=C(O)C(Cl)=C1)C1=CC2=C(OCO2)C=C1)=C3O,0.5013001483678817
504,NC1=C(SC2=NC(=CC=C12)C1=CC=NC=C1)C(=O)NCC1=CC=C(Cl)C(Cl)=C1,0.5693324279785156
505,CC1(C)CC2=C(SC(NC(=O)C3=CC(Cl)=C(Cl)C=C3)=N2)C(=O)C1,0.5617878091335297
506,Cl.CCOC(=O)C1=C(N2CCOCC2)C2=CC=C(Cl)C(C)=C2N=C1,0.5169512760639191
507,FC(F)(F)C1=CC(NC(=O)C2=CC(Cl)=C(Cl)C=C2)=C(C=C1)N1CCCC1,0.5750355386734008
508,ClC1=CC=C(C=C1)N1CCC(CC1)N[C@H]1COC[C@H]1CC1=CC=NC=C1,0.5412856772542
509,FC1=CC=C(NC2=NC=C(F)C(NC3=CC=C(F)C(Cl)=C3)=N2)C=C1Cl,0.6644016253948212
510,CC1=CC(N2CCN(CCC(O)=O)CC2)=C2C=CC(=CC2=N1)C(F)(F)F,0.5696289110183715
511,ClC1=C(Cl)C=C(C=C1)C(=O)NC1=CC=C(C=C1)S(=O)(=O)NC1=NC=CC=C1,0.6581358671188354
512,ClC1=CC=C2SC(NC(=O)C3=CC(Br)=CC=C3)=NC2=C1Cl,0.5573132067918778
513,CC(OC1=CC(Cl)=CC=C1)C(=O)NCC1=CC=C(Cl)C(Cl)=C1,0.5480399227142334
514,CN(C)[C@H]1CN(C[C@@H]1O)C1=C2C=CC(=CC2=NC(C)=C1)C(F)(F)F,0.7299510383605957
515,ClC1=C(Cl)C=C(C=C1)N1CCN(CC1)C(=O)NC1=C(Cl)C=C(Br)C=C1,0.6291839742660522
516,CC(=O)NC(CC1=CC=C(O)C(=C1)C1=CC(CC2NC(=O)C(CC(O)=O)NC2=O)=CC=C1O)C(O)=O,0.5418230736255646
517,CC1=CC=C2NC=C(C(=O)CN3CCN(CC3)C3=CC(Cl)=C(Cl)C=C3)C2=C1,0.50594775557518
518,CC1=CC(O)=C(Cl)C=C1C1=CC=C(C=C1)N1CCOCC1,0.5498142558336258
519,ClC1=CC(Cl)=C(C=C1)C(=O)NC1=CC=C(NC(=O)C2=CC(Cl)=C(Cl)C=C2)C=C1,0.5928491213917733
520,CC(C)[C@@H]1NC(=O)[C@H](C)NC(=O)[C@@H](NC(=O)C2=NOC(CN(CCNC1=O)C(=O)C1=CSC(=N1)C1=CC=C(C=C1)C(F)(F)F)=C2)[C@@H](C)O,0.7089009141921997
521,ClC1=CC(Cl)=C(C=C1)C(=O)N1C=CC(=N1)C(=O)NC1=CC=CC(Cl)=C1Cl,0.6815691345930099
522,ClC1=C(Cl)C=C(CNC(=O)NC2=C3C=CC=CC3=CC=C2)C=C1,0.5426298967003822
523,CC1=CC(NS(=O)(=O)C2=C(C=NN2)C(=O)NC2=CC=C(Cl)C(Cl)=C2)=CC(C)=C1,0.5524299442768097
524,Cl.CC(C)C1=CC=C(CNC2=NC=C(N2C)C2=CC(Cl)=C(Cl)C=C2)C=C1,0.7542593753337861
525,OC(=O)C(N1CCN(CC1)C1=CC(Cl)=C(Cl)C=C1)C1=CNC2=CC=C(OCC#N)C=C12,0.5040047323703766
526,ClC1=C(Cl)C=C(C=C1)C(=O)NC1=NN=C(S1)C1=CC=CC=C1,0.558405727148056
527,ClC1=C(Cl)C=C(C=C1)C(=O)NC1=NN=C(O1)C1=CC=CC=C1,0.5386243504285813
528,OC(=O)[C@@H](CC1=CC(Cl)=C(Cl)C=C1)NC(=O)OCC1C2=C(C=CC=C2)C2=C1C=CC=C2,0.6947152239084243
529,FC1=CC=C(NC2=NC3=CC=CC=C3N\C2=N/S(=O)(=O)C2=CC(Cl)=CC=C2Cl)C=C1Cl,0.6340216666460037
530,FC1=CC=C(NC2=NC3=CC=CC=C3N\C2=N/S(=O)(=O)C2=CC=C(Cl)C=C2)C=C1Cl,0.5683749151229859
531,CC1=NN2SC(NC3=CC=C(F)C(Cl)=C3)NC2=C1,0.5047037360072136
532,OC(=O)C1=CC=CN(CC2=CC=C(Cl)C(Cl)=C2)C1=O,0.531922092139721
533,CC1=CC(NC(=O)C2=C(N)N=C(NC3=CC=C(F)C(Cl)=C3)S2)=NO1,0.6377080652117729
534,ClC1=CC=C(C=C1)C(NC(=O)C1=CC(Cl)=C(Cl)C=C1)C1=CC=CC=C1,0.5160116165876388
535,ClC1=CC=C(NC(=O)C2=CC(Cl)=C(Cl)C=C2)C=C1Cl,0.7019818150997161
536,CC1=C(NC(=O)C2=CC(Cl)=C(Cl)C=C2)C=CC=C1Cl,0.537502900660038
537,FC1=CC=C(NC2=NC3=CC=CC=C3N\C2=N/S(=O)(=O)C2=CC(Cl)=CC=C2)C=C1Cl,0.5077041494846344
538,Cl.ClC1=CC=C(NC(=O)N2CCN(CC2)C2=C3C=CNC3=CC=C2)C=C1Cl,0.6824311089515686
539,FC(F)(F)C1=CC(NC(=O)C2=C(NC(=O)C3=CC(Cl)=C(Cl)C=C3)C=CC=C2)=CC=C1,0.5205627274513245
540,ClC1=C(Cl)C=C(C=C1)C(=O)N1CCN(CC1)C1=C(Cl)C(=O)N(N=C1)C1=CC=CC=C1,0.51628921687603
541,OC1=CC(O)=C2SC(NC3=CC=C(F)C(Cl)=C3)=NC2=N1,0.6854133313894272
542,Cl.CC1=C(Cl)C=C(C=C1)N1N=CC(C(=O)NC2=CC=C(F)C(Cl)=C2)=C1C1CCNCC1,0.5470697158575057
543,FC1=CC=C(C=C1)N1CCN(CC1)C(=O)NC1=CC=C(Cl)C(Cl)=C1,0.5900820231437683
544,CC1=NN(C(C)=C1)C1=NC2=CC(Cl)=C(Cl)C=C2N=C1NC1=CC=C(Br)C=C1,0.5046790093183517
545,ClC1=C(Cl)C=C(C=C1)C(=O)\N=C1/NN=C(S1)C1=CC=CO1,0.5493247592449189
546,CC1=NN(C(C)=C1)C1=NC2=CC(Cl)=C(Cl)C=C2N=C1NCC1=CC=CC=C1,0.5298614311218262
547,CC1=NN(C(C)=C1)C1=NC2=CC(Cl)=C(Cl)C=C2N=C1NC1=CC=C(Cl)C=C1,0.5503344666957856
548,CC1=NN(C(C)=C1)C1=NC2=CC(Cl)=C(Cl)C=C2N=C1NC1=CC(O)=CC=C1,0.5691497558355332
549,CC1=NN(C(C)=C1)C1=NC2=CC(Cl)=C(Cl)C=C2N=C1NCC1=CC=NC=C1,0.555453137755394
550,CC1=NN(C(C)=C1)C1=NC2=CC(Cl)=C(Cl)C=C2N=C1NC1=CC=CC(=C1)C(F)(F)F,0.5640907377004624
551,CC1=NN(C(C)=C1)C1=NC2=CC(Cl)=C(Cl)C=C2N=C1NC1=CC=C(C)C(Cl)=C1,0.6289980071783066
552,ClC1=C(Cl)C=C(C=C1)C(=O)NC1=NC=CS1,0.6245514538884163
553,OC(=O)C1=CC(NS(=O)(=O)C2=CC=CC(=C2)S(=O)(=O)C2=CC(Cl)=C(Cl)C=C2)=CC=C1,0.5540057814121246
554,CC1=C(NS(=O)(=O)C2=CC=CC(=C2)S(=O)(=O)C2=CC(Cl)=C(Cl)C=C2)C=CC=C1,0.5348907402157783
555,COC1=CC=C(NS(=O)(=O)C2=CC=CC(=C2)S(=O)(=O)C2=CC(Cl)=C(Cl)C=C2)C=C1,0.5451942580938339
556,ClC1=CC=C(C=C1)S(=O)(=O)C1=CC(Cl)=C(Cl)C=C1,0.5865100073814392
557,OC(=O)C1=CC=C(NS(=O)(=O)C2=CC=CC(=C2)S(=O)(=O)C2=CC(Cl)=C(Cl)C=C2)C=C1,0.5470762181282044
558,CC(SC1=C2NC=NC2=NC=N1)C(=O)NCC1=CC=C(Cl)C(Cl)=C1,0.598461474776268
559,CC(=O)NC1=NN(C(C)=O)C(C)(CCS(=O)(=O)C2=CC(Cl)=C(Cl)C=C2)S1,0.5179020671546459
560,FC(F)(F)C1=CC(=NC2=C(Cl)C(=NN12)C(=O)NC1=CC=C(Cl)C(Cl)=C1)C1=CC=CS1,0.50263085141778
561,ClC1=C(Cl)C=C(C=C1)S(=O)(=O)C1=CC(=CC=C1)S(=O)(=O)NC1=CN=CC=C1,0.5974026411771775
562,ClC1=CC=C(CNC2CCN(CC3=CC=CC=C3)CC2)C=C1Cl,0.5797903868556022
563,CC(C)(C)C1=CC=C(C=C1)C1=NN=C(NC(=O)C2=CC(Cl)=C(Cl)C=C2)S1,0.5746315431594848
564,CC(C)(C)C1=CC=C(OCC2=NN=C(NC(=O)C3=CC(Cl)=C(Cl)C=C3)S2)C=C1,0.5285552164912224
565,ClC1=C(Cl)C=C(C=C1)C(=O)NC1=NN=C(S1)C1=C(Cl)C=CC=C1,0.6564213854074478
566,ClC1=C(Cl)C=C(C=C1)C(=O)NC1=NN=C(S1)\C=C\C1=CC=CC=C1,0.5683382892608643
567,COC1=CC(=CC(OC)=C1OC)C1=NN=C(NC(=O)C2=CC(Cl)=C(Cl)C=C2)S1,0.5010122147202491
568,NC1=C(SC2=NC(=CC=C12)C1=CC=CS1)C(=O)NCC1=CC=C(Cl)C(Cl)=C1,0.6007898658514023
569,COC1=CC=CC(=C1)C(=O)C1=C(N)N=C(NC2=CC=C(F)C(Cl)=C2)S1,0.5366132235527039
570,CC(=O)C1=C(N)N=C(NC2=CC=C(F)C(Cl)=C2)S1,0.6581386291980743
571,COC1=CC=C(C=C1)C(=O)C1=C(N)N=C(NC2=CC=C(F)C(Cl)=C2)S1,0.5260584551095963
572,CC(=O)C1=C(C)N=C(NC(=O)C2=CC(Cl)=C(Cl)C=C2)S1,0.5807794454693794
573,CC(=O)NC1=NC2=C(Cl)C(Cl)=CC=C2S1,0.5435388332605362
574,ClC1=CC=C2SC(NC(=O)C3=CC=CO3)=NC2=C1Cl,0.6465003460645675
575,ClC1=CC=C(NC(=O)C2=NN3C=CC=NC3=N2)C=C1Cl,0.5263626879453659
576,COC1=C(Cl)C=C2N=C(NC(=O)C(C)OC3=C(Cl)C=C(Cl)C=C3)SC2=C1,0.5164267593622207
577,CC1=CC(NS(=O)(=O)C2=CC=C(NC(=O)C3=CC(Cl)=C(Cl)C=C3)C=C2)=NC(C)=N1,0.5425236994028091
578,COC1=CC=C(NC2=NC3=CC(Cl)=C(Cl)C=C3N=C2N2N=C(C)C=C2C)C=C1Cl,0.6016030287742615
579,NC(=O)C1=C(Cl)C=CC(NC(=O)C2=CC(Cl)=C(Cl)C=C2)=C1,0.536099950671196
580,CC1=NN(C(C)=C1)C1=NC2=CC(Cl)=C(Cl)C=C2N=C1NC1=CC=C2OCOC2=C1,0.5229667621850967
581,CC1=NN(C(C)=C1)C1=NC2=CC(Cl)=C(Cl)C=C2N=C1NC1=CC=C(Br)C(C)=C1,0.5460811859369278
582,ClC1=C(Cl)C=C(C=C1)C(=O)NC1=NN=C(S1)C1=CN=CC=C1,0.6161367636919022
583,CC1=NN(C(C)=C1)C1=NC2=CC(Cl)=C(Cl)C=C2N=C1NCC1=CC=C(C)C=C1,0.5689623975753784
584,COC1=C(NC2=NC3=CC(Cl)=C(Cl)C=C3N=C2N2N=C(C)C=C2C)C=C(C)C=C1,0.5126174312829971
585,CC1=NN(C(C)=C1)C1=NC2=CC(Cl)=C(Cl)C=C2N=C1NC1=CC(F)=CC=C1,0.5008786624670029
586,CC1=NN(C(C)=C1)C1=NC2=CC(Cl)=C(Cl)C=C2N=C1NCC1=CC=C2OCOC2=C1,0.5661781293153763
587,CC1=NN(C(C)=C1)C1=NC2=CC(Cl)=C(Cl)C=C2N=C1NC1=C(Cl)C=C(Br)C=C1,0.5861724382638931
588,ClC1=CN=C(NC(=O)C2=C(Cl)C(Cl)=CC=C2)C=C1,0.5013332712650299
589,Cl.COC(=O)C1=C(NC(=O)NCC2=CC=C(Cl)C(Cl)=C2)C=CC=C1,0.5345481595396996
590,FC1=CC=C(NC2=NN=C(S2)C2=NC=CN=C2)C=C1Cl,0.5516791939735413
591,ClC1=C(Cl)C=C(C=C1)C(=O)NC1=NC2=CC=CC=C2S1,0.5438376542925835
592,OC(=O)C1=C(C=C(Cl)C(Cl)=C1)C(=O)NC1=CC(Cl)=CC=C1Cl,0.5316823941469192
